contrast_amplitude,accuracy
0.6,0.49444444444444446
0.8,0.5037037037037037
1.0,0.4703703703703704
