abs_offset_deg,accuracy
6.0,0.4925925925925926
16.0,0.48703703703703705
45.0,0.4888888888888889
