noise_level,accuracy
high,0.4777777777777778
low,0.5037037037037037
none,0.48703703703703705
