eccentricity_pct,accuracy
0.0,0.49135802469135803
50.0,0.4876543209876543
