spatial_freq_cpd,accuracy
0.4,0.5166666666666667
0.8,0.4759259259259259
1.6,0.4759259259259259
