spatial_freq_cpd,accuracy
0.1,0.4861111111111111
0.2,0.5138888888888888
0.6,0.5694444444444444
