abs_offset_deg,accuracy
6.0,0.5208333333333334
16.0,0.5430555555555555
45.0,0.4930555555555556
