noise_level,accuracy
high,0.5185185185185185
low,0.5296296296296297
medium,0.5074074074074074
none,0.5203703703703704
