contrast_amplitude,accuracy
0.6,0.5
0.8,0.5416666666666666
1.0,0.5152777777777777
