spatial_freq_cpd,accuracy
0.4,0.5458333333333333
0.8,0.5
1.6,0.5111111111111111
