eccentricity_pct,accuracy
0.0,0.5138888888888888
50.0,0.524074074074074
